photo_no,file_name,category,spec,qty,location,excel_row_start
378,378.jpg,금속관벽체,65,1,3동 1.2세대 38층,2
379,379.jpg,금속관벽체,65,2,3동 1.2세대 38층,13
380,380.jpg,금속관벽체,65,2,3동 3.4세대 31층,24
381,381.jpg,금속관벽체,65,2,3동 3.4세대 31층,35
382,382.jpg,금속관벽체,65,2,3동 3.4세대 32층,46
383,383.jpg,금속관벽체,65,2,3동 3.4세대 32층,57
384,384.jpg,금속관벽체,65,2,3동 3.4세대 33층,68
385,385.jpg,금속관벽체,65,2,3동 3.4세대 33층,79
386,386.jpg,금속관벽체,65,2,3동 3.4세대 34층,90
387,387.jpg,금속관벽체,65,2,3동 3.4세대 34층,101
388,388.jpg,금속관벽체,65,2,3동 3.4세대 35층,112
389,389.jpg,금속관벽체,65,2,3동 3.4세대 35층,123
390,390.jpg,금속관벽체,65,2,3동 3.4세대 36층,134
391,391.jpg,금속관벽체,65,2,3동 3.4세대 36층,145
392,392.jpg,금속관벽체,65,2,3동 3.4세대 37층,156
393,393.jpg,금속관벽체,65,2,3동 3.4세대 37층,167
394,394.jpg,금속관벽체,65,2,3동 3.4세대 38층,178
395,395.jpg,금속관벽체,65,2,3동 3.4세대 38층,189
396,396.jpg,금속관벽체,65,1,3동 1.2세대 31층,200
397,397.jpg,금속관벽체,65,2,3동 1.2세대 31층,211
398,398.jpg,금속관벽체,65,2,3동 1.2세대 32층,222
399,399.jpg,금속관벽체,65,1,3동 1.2세대 32층,233
400,400.jpg,금속관벽체,65,1,3동 1.2세대 33층,244
401,401.jpg,금속관벽체,65,2,3동 1.2세대 33층,255
402,402.jpg,금속관벽체,65,2,3동 1.2세대 34층,266
403,403.jpg,금속관벽체,65,1,3동 1.2세대 34층,277
404,404.jpg,금속관벽체,65,1,3동 1.2세대 35층,288
405,405.jpg,금속관벽체,65,2,3동 1.2세대 35층,299
406,406.jpg,금속관벽체,65,2,3동 1.2세대 36층,310
407,407.jpg,금속관벽체,65,1,3동 1.2세대 36층,321
408,408.jpg,금속관벽체,65,1,3동 1.2세대 37층,332
409,409.jpg,금속관벽체,65,2,3동 1.2세대 37층,343
410,,,,,,354
411,,,,,,365
412,,,,,,376
413,,,,,,387
414,,,,,,398
415,,,,,,409
416,,,,,,420
417,,,,,,431
418,,,,,,442
419,,,,,,453
420,,,,,,464
421,,,,,,475
422,,,,,,486
423,,,,,,497
424,,,,,,508
425,,,,,,519
426,,,,,,530
427,,,,,,541
428,,,,,,552
429,,,,,,563
430,,,,,,574
431,,,,,,585
432,,,,,,596
433,,,,,,607
434,,,,,,618
435,,,,,,629
436,,,,,,640
437,,,,,,651
438,,,,,,662
439,,,,,,673
440,,,,,,684
441,,,,,,695
442,,,,,,706
443,,,,,,717
444,,,,,,728
445,,,,,,739
446,,,,,,750
447,,,,,,761
448,,,,,,772
449,,,,,,783
450,,,,,,794
451,,,,,,805
452,,,,,,816
453,,,,,,827
454,,,,,,838
455,,,,,,849
456,,,,,,860
457,,,,,,871
458,,,,,,882
459,,,,,,893
460,,,,,,904
461,,,,,,915
462,,,,,,926
463,,,,,,937
464,,,,,,948
465,,,,,,959
466,,,,,,970
467,,,,,,981
468,,,,,,992
469,,,,,,1003
470,,,,,,1014
471,,,,,,1025
472,,,,,,1036
473,,,,,,1047
474,,,,,,1058
475,,,,,,1069
476,,,,,,1080
477,,,,,,1091
478,,,,,,1102
479,,,,,,1113
480,,,,,,1124
481,,,,,,1135
482,,,,,,1146
483,,,,,,1157
484,,,,,,1168
485,,,,,,1179
486,,,,,,1190
487,,,,,,1201
488,,,,,,1212
489,,,,,,1223
490,,,,,,1234
491,,,,,,1245
492,,,,,,1256
493,,,,,,1267
494,,,,,,1278
495,,,,,,1289
496,,,,,,1300
497,,,,,,1311
498,,,,,,1322
499,,,,,,1333
500,,,,,,1344
501,,,,,,1355
502,,,,,,1366
503,,,,,,1377
504,,,,,,1388
505,,,,,,1399
506,,,,,,1410
507,,,,,,1421
508,,,,,,1432
509,,,,,,1443
510,,,,,,1454
511,,,,,,1465
512,,,,,,1476
513,,,,,,1487
514,,,,,,1498
515,,,,,,1509
516,,,,,,1520
517,,,,,,1531
518,,,,,,1542
519,,,,,,1553
520,,,,,,1564
521,,,,,,1575
522,,,,,,1586
523,,,,,,1597
524,,,,,,1608
525,,,,,,1619
526,,,,,,1630
527,,,,,,1641
528,,,,,,1652
529,,,,,,1663
530,,,,,,1674
531,,,,,,1685
532,,,,,,1696
533,,,,,,1707
534,,,,,,1718
535,,,,,,1729
536,,,,,,1740
537,,,,,,1751
538,,,,,,1762
539,,,,,,1773
540,,,,,,1784
541,,,,,,1795
542,,,,,,1806
543,,,,,,1817
544,,,,,,1828
545,,,,,,1839
546,,,,,,1850
547,,,,,,1861
548,,,,,,1872
549,,,,,,1883
550,,,,,,1894
551,,,,,,1905
552,,,,,,1916
553,,,,,,1927
554,,,,,,1938
555,,,,,,1949
556,,,,,,1960
557,,,,,,1971
558,,,,,,1982
559,,,,,,1993
560,,,,,,2004
561,,,,,,2015
562,,,,,,2026
563,,,,,,2037
564,,,,,,2048
565,,,,,,2059
566,,,,,,2070
567,,,,,,2081
568,,,,,,2092
569,,,,,,2103
570,,,,,,2114
571,,,,,,2125
572,,,,,,2136
573,,,,,,2147
574,,,,,,2158
575,,,,,,2169
576,,,,,,2180
577,,,,,,2191
578,,,,,,2202
579,,,,,,2213
580,,,,,,2224
581,,,,,,2235
582,,,,,,2246
583,,,,,,2257
584,,,,,,2268
585,,,,,,2279
586,,,,,,2290
587,,,,,,2301
588,,,,,,2312
589,,,,,,2323
590,,,,,,2334
591,,,,,,2345
592,,,,,,2356
593,,,,,,2367
594,,,,,,2378
595,,,,,,2389
596,,,,,,2400
597,,,,,,2411
598,,,,,,2422
599,,,,,,2433
600,,,,,,2444
601,,,,,,2455
602,,,,,,2466
603,,,,,,2477
604,,,,,,2488
605,,,,,,2499
606,,,,,,2510
607,,,,,,2521
608,,,,,,2532
609,,,,,,2543
610,,,,,,2554
611,,,,,,2565
612,,,,,,2576
613,,,,,,2587
614,,,,,,2598
615,,,,,,2609
616,,,,,,2620
617,,,,,,2631
618,,,,,,2642
619,,,,,,2653
620,,,,,,2664
621,,,,,,2675
622,,,,,,2686
623,,,,,,2697
624,,,,,,2708
625,,,,,,2719
626,,,,,,2730
627,,,,,,2741
628,,,,,,2752
629,,,,,,2763
630,,,,,,2774
631,,,,,,2785
632,,,,,,2796
633,,,,,,2807
634,,,,,,2818
635,,,,,,2829
636,,,,,,2840
637,,,,,,2851
638,,,,,,2862
639,,,,,,2873
640,,,,,,2884
641,,,,,,2895
642,,,,,,2906
643,,,,,,2917
644,,,,,,2928
645,,,,,,2939
646,,,,,,2950
647,,,,,,2961
648,,,,,,2972
649,,,,,,2983
650,,,,,,2994
651,,,,,,3005
652,,,,,,3016
653,,,,,,3027
654,,,,,,3038
655,,,,,,3049
656,,,,,,3060
657,,,,,,3071
658,,,,,,3082
659,,,,,,3093
660,,,,,,3104
661,,,,,,3115
662,,,,,,3126
663,,,,,,3137
664,,,,,,3148
665,,,,,,3159
666,,,,,,3170
667,,,,,,3181
668,,,,,,3192
669,,,,,,3203
670,,,,,,3214
671,,,,,,3225
672,,,,,,3236
673,,,,,,3247
674,,,,,,3258
675,,,,,,3269
676,,,,,,3280
677,,,,,,3291
678,,,,,,3302
679,,,,,,3313
680,,,,,,3324
681,,,,,,3335
682,,,,,,3346
683,,,,,,3357
684,,,,,,3368
685,,,,,,3379
686,,,,,,3390
687,,,,,,3401
688,,,,,,3412
689,,,,,,3423
690,,,,,,3434
691,,,,,,3445
692,,,,,,3456
693,,,,,,3467
694,,,,,,3478
695,,,,,,3489
696,,,,,,3500
697,,,,,,3511
698,,,,,,3522
699,,,,,,3533
700,,,,,,3544
701,,,,,,3555
702,,,,,,3566
703,,,,,,3577
704,,,,,,3588
705,,,,,,3599
706,,,,,,3610
707,,,,,,3621
708,,,,,,3632
709,,,,,,3643
710,,,,,,3654
711,,,,,,3665
712,,,,,,3676
713,,,,,,3687
714,,,,,,3698
715,,,,,,3709
716,,,,,,3720
717,,,,,,3731
718,,,,,,3742
719,,,,,,3753
720,,,,,,3764
721,,,,,,3775
722,,,,,,3786
723,,,,,,3797
724,,,,,,3808
725,,,,,,3819
726,,,,,,3830
727,,,,,,3841
728,,,,,,3852
729,,,,,,3863
730,,,,,,3874
731,,,,,,3885
732,,,,,,3896
733,,,,,,3907
734,,,,,,3918
735,,,,,,3929
736,,,,,,3940
737,,,,,,3951
738,,,,,,3962
739,,,,,,3973
740,,,,,,3984
741,,,,,,3995
742,,,,,,4006
743,,,,,,4017
744,,,,,,4028
745,,,,,,4039
746,,,,,,4050
747,,,,,,4061
748,,,,,,4072
749,,,,,,4083
750,,,,,,4094
751,,,,,,4105
752,,,,,,4116
753,,,,,,4127
754,,,,,,4138
755,,,,,,4149
756,,,,,,4160
757,,,,,,4171
758,,,,,,4182
759,,,,,,4193
760,,,,,,4204
761,,,,,,4215
762,,,,,,4226
763,,,,,,4237
764,,,,,,4248
765,,,,,,4259
766,,,,,,4270
767,,,,,,4281
768,,,,,,4292
769,,,,,,4303
770,,,,,,4314
771,,,,,,4325
772,,,,,,4336
773,,,,,,4347
774,,,,,,4358
775,,,,,,4369
776,,,,,,4380
777,,,,,,4391
778,,,,,,4402
779,,,,,,4413
780,,,,,,4424
781,,,,,,4435
782,,,,,,4446
783,,,,,,4457
784,,,,,,4468
785,,,,,,4479
786,,,,,,4490
787,,,,,,4501
788,,,,,,4512
789,,,,,,4523
790,,,,,,4534
791,,,,,,4545
792,,,,,,4556
793,,,,,,4567
794,,,,,,4578
795,,,,,,4589
796,,,,,,4600
797,,,,,,4611
798,,,,,,4622
799,,,,,,4633
800,,,,,,4644
801,,,,,,4655
802,,,,,,4666
803,,,,,,4677
804,,,,,,4688
805,,,,,,4699
806,,,,,,4710
807,,,,,,4721
808,,,,,,4732
809,,,,,,4743
810,,,,,,4754
811,,,,,,4765
812,,,,,,4776
813,,,,,,4787
814,,,,,,4798
815,,,,,,4809
816,,,,,,4820
817,,,,,,4831
818,,,,,,4842
819,,,,,,4853
820,,,,,,4864
821,,,,,,4875
822,,,,,,4886
823,,,,,,4897
824,,,,,,4908
825,,,,,,4919
826,,,,,,4930
827,,,,,,4941
828,,,,,,4952
829,,,,,,4963
830,,,,,,4974
831,,,,,,4985
832,,,,,,4996
833,,,,,,5007
834,,,,,,5018
835,,,,,,5029
836,,,,,,5040
837,,,,,,5051
838,,,,,,5062
839,,,,,,5073
840,,,,,,5084
841,,,,,,5095
842,,,,,,5106
843,,,,,,5117
844,,,,,,5128
845,,,,,,5139
846,,,,,,5150
847,,,,,,5161
848,,,,,,5172
849,,,,,,5183
850,,,,,,5194
851,,,,,,5205
852,,,,,,5216
853,,,,,,5227
854,,,,,,5238
855,,,,,,5249
856,,,,,,5260
857,,,,,,5271
858,,,,,,5282
859,,,,,,5293
860,,,,,,5304
861,,,,,,5315
862,,,,,,5326
863,,,,,,5337
864,,,,,,5348
865,,,,,,5359
866,,,,,,5370
867,,,,,,5381
868,,,,,,5392
869,,,,,,5403
870,,,,,,5414
871,,,,,,5425
872,,,,,,5436
873,,,,,,5447
874,,,,,,5458
875,,,,,,5469
876,,,,,,5480
877,,,,,,5491
878,,,,,,5502
879,,,,,,5513
880,,,,,,5524
881,,,,,,5535
882,,,,,,5546
883,,,,,,5557
884,,,,,,5568
885,,,,,,5579
886,,,,,,5590
887,,,,,,5601
